Step Number,Energy per particle,Pressure
0, -6.0319762962863015, 3.99672630686847
10000, -6.089803139411681, 3.5838444982212407
20000, -6.046793388902159, 3.7456213951839414
30000, -6.076416728397226, 3.6108026431544133
40000, -6.07765723328031, 3.6057142770476176
50000, -6.151395563130272, 3.221681768713904
60000, -6.090686985914131, 3.5399466170433715
70000, -6.09348285656281, 3.545887179809817
80000, -6.101256567806926, 3.478918482500232
90000, -6.118191449168503, 3.3445668328674336
